{
 "templeR0013": [
  [
   0.9999999901362935,
   0.0001184923227244437,
   7.541208454671147e-05,
   9.058354589891812e-06
  ],
  [
   -0.00011849618712985425,
   0.999999991666484,
   5.1241443314209946e-05,
   1.6990464284181493e-06
  ],
  [
   -7.540601220062392e-05,
   -5.1250378853264175e-05,
   0.999999995843666,
   -3.4164710656949852e-06
  ]
 ],
 "templeR0042": [
  [
   -0.999871410804075,
   -0.01097552821055856,
   0.011691862006022936,
   0.04714460992199301
  ],
  [
   0.011845536109718295,
   -0.9969495369518228,
   0.07714469551316852,
   -0.9975636622311654
  ],
  [
   0.010809492631109446,
   0.07727327191238478,
   0.9969513510282297,
   0.05146928061414298
  ]
 ],
 "templeR0044": [
  [
   -0.9987577997318924,
   -0.04958563272979046,
   0.004911466328452079,
   0.11458572744669575
  ],
  [
   0.04708431922601463,
   -0.9069040047357273,
   0.4186982124123803,
   -4.452253123921544
  ],
  [
   -0.016307187302902218,
   0.4184093584291421,
   0.90811215409837,
   0.8773849748822838
  ]
 ],
 "templeR0032": [
  [
   -0.9226955743159814,
   -0.30838296566019907,
   -0.23137161370471043,
   2.386690271688813
  ],
  [
   0.0805305016337283,
   -0.7410694185004899,
   0.6665815443514513,
   -7.008116817354957
  ],
  [
   -0.3770248207271258,
   0.5964193687783508,
   0.7086157076312328,
   2.164255277896423
  ]
 ],
 "templeR0034": [
  [
   -0.9207261371849805,
   -0.3477409278031628,
   -0.17703001845737865,
   1.8241411228156061
  ],
  [
   0.09302018960903641,
   -0.6361998760084582,
   0.7658961823197196,
   -8.045465072322125
  ],
  [
   -0.378959924833119,
   0.6887132675485624,
   0.6181127813539032,
   3.157217103761238
  ]
 ],
 "templeR0036": [
  [
   -0.9474830204841612,
   -0.311471575330834,
   -0.0725353958777299,
   0.7884566419411467
  ],
  [
   0.10627493302541677,
   -0.5205739648703968,
   0.8471767145699638,
   -8.92863470147441
  ],
  [
   -0.3016315044962207,
   0.7949768580657195,
   0.5263366134284243,
   4.409988102228253
  ]
 ],
 "templeR0038": [
  [
   -0.95551167336221,
   -0.2945558269794444,
   0.015307085320365815,
   -0.09558647026173353
  ],
  [
   0.10162423998231916,
   -0.28005268246326165,
   0.9545904927732874,
   -10.013013414772363
  ],
  [
   -0.2768934017208885,
   0.9136779300374872,
   0.2975276192991967,
   6.894762633715204
  ]
 ],
 "templeR0015": [
  [
   0.9992689896471948,
   -0.03741179469543796,
   -0.007864092264264797,
   0.0760987481635764
  ],
  [
   0.03796032168868207,
   0.9466521312992702,
   0.320013681401032,
   -3.263749935453916
  ],
  [
   -0.004527726445606321,
   -0.3200782715590295,
   0.947380282552375,
   0.47546057501455696
  ]
 ],
 "templeR0017": [
  [
   0.9966749710484806,
   -0.07598590871208519,
   -0.02941332627754121,
   0.291684472551336
  ],
  [
   0.0789079206425777,
   0.8101421689060935,
   0.5808986195714322,
   -5.944390758753741
  ],
  [
   -0.020311133532501302,
   -0.5812880592592019,
   0.8134443127942413,
   1.808962883664497
  ]
 ],
 "templeR0019": [
  [
   0.9887021600570285,
   -0.14891365786399577,
   -0.01711026592811689,
   0.1842275882752586
  ],
  [
   0.1070004999910589,
   0.6212262085872854,
   0.7762917562140731,
   -7.965695268853073
  ],
  [
   -0.10497109935705863,
   -0.7693521432126068,
   0.6301415301612322,
   3.603086778842994
  ]
 ],
 "templeR0021": [
  [
   0.9869837871945858,
   -0.14006327825457987,
   -0.07902709598367384,
   0.8000479553765356
  ],
  [
   0.12766588897344155,
   0.3835545940743544,
   0.9146514604793885,
   -9.407319897360633
  ],
  [
   -0.09779787629418936,
   -0.912835226888751,
   0.3964434687862938,
   6.005663152689101
  ]
 ]
}